<FluentXMLReport>
<version>
Fluent
Version: axi, dp, pbns, lam (axi, double precision, pressure-based, laminar)
Release: 24.2.0
Title: 
</version>

<Models>

Models
------

   Model                        Settings       
   -----------------------------------------
   Space                        Axisymmetric   
   Time                         Steady         
   Viscous                      Laminar        
   Heat Transfer                Enabled        
   Solidification and Melting   Disabled       
   Radiation                    None           
   Species                      Disabled       
   Coupled Dispersed Phase      Disabled       
   NOx Pollutants               Disabled       
   SOx Pollutants               Disabled       
   Soot                         Disabled       
   Mercury Pollutants           Disabled       
   Structure                    Disabled       
   Acoustics                    Disabled       
   Eulerian Wall Film           Disabled       
   Potential/Electrochemistry   Disabled       
   Multiphase                   Disabled       

</Models>

<MaterialProperties>
Material Properties
-------------------

   Material: water-liquid (fluid)

      Property               Units      Method     Value(s)   
      -----------------------------------------------------
      Density                kg/m^3     constant   998.2      
      Cp (Specific Heat)     J/(kg K)   constant   4182       
      Thermal Conductivity   W/(m K)    constant   0.6        
      Viscosity              kg/(m s)   constant   0.001003   
      Molecular Weight       kg/kmol    constant   18.0152    

   Material: aluminum (solid)

      Property               Units      Method     Value(s)   
      -----------------------------------------------------
      Density                kg/m^3     constant   2719       
      Cp (Specific Heat)     J/(kg K)   constant   871        
      Thermal Conductivity   W/(m K)    constant   202.4      

</MaterialProperties>

<CellZoneConditions>
Cell Zone Conditions
--------------------

   Zones

      name          id   type    
      ------------------------
      fff_surface   2    fluid   

   Setup Conditions

      fff_surface

         Condition       Value   
         ---------------------
         Frame Motion?   no      
         Mesh Motion?    no      

</CellZoneConditions>

<BoundaryConditions>
Boundary Conditions
-------------------

   Zones

      name     id   type              
      -----------------------------
      inlet    5    velocity-inlet    
      outlet   6    pressure-outlet   
      wall     7    wall              
      axis     8    axis              

   Setup Conditions

      inlet

         Condition   Value   
         -----------------

      outlet

         Condition   Value   
         -----------------

      wall

         Condition                  Value             
         ------------------------------------------
         Thermal BC Type            Heat Flux         
         Wall Motion                Stationary Wall   
         Shear Boundary Condition   No Slip           

      axis

         Condition   Value   
         -----------------

</BoundaryConditions>

<SolverSettings>
Solver Settings
---------------

   Equations

      Equation   Solved   
      -----------------
      Flow       yes      
      Energy     yes      

   Numerics

      Numeric                         Enabled   
      ---------------------------------------
      Absolute Velocity Formulation   yes       

   Pseudo Time Explicit Relaxation Factors

      Variable            Relaxation Factor   
      -------------------------------------
      Density             1                   
      Body Forces         1                   
      Energy              0.75                
      Explicit Momentum   0.5                 
      Explicit Pressure   0.5                 

   Linear Solver

      Variable   Solver Type   Termination Criterion   Residual Reduction Tolerance   
      -----------------------------------------------------------------------------
      Flow       F-Cycle       0.1                                                    
      Energy     F-Cycle       0.1                                                    

   Pressure-Velocity Coupling

      Parameter                               Value     
      -----------------------------------------------
      Type                                    Coupled   
      Pseudo Time Method (Global Time Step)   yes       

   Discretization Scheme

      Variable   Scheme         
      -----------------------
      Pressure   Second Order   
      Momentum   QUICK          
      Energy     QUICK          

   Solution Limits

      Quantity                         Limit   
      --------------------------------------
      Minimum Absolute Pressure [Pa]   1       
      Maximum Absolute Pressure [Pa]   5e+10   
      Minimum Static Temperature [K]   1       
      Maximum Static Temperature [K]   5000    

</SolverSettings>

</FluentXMLReport>